{
  "flight_schedule": {
    "precision": 0.8955223880597015,
    "recall": 1.0,
    "f1": 0.9448818897637796,
    "false_alarm_rate": 0.05,
    "tp": 120,
    "fp": 14,
    "fn": 0,
    "tn": 266
  },
  "get_calendar_events": {
    "precision": 1.0,
    "recall": 0.8333333333333334,
    "f1": 0.9090909090909091,
    "false_alarm_rate": 0.0,
    "tp": 50,
    "fp": 0,
    "fn": 10,
    "tn": 340
  },
  "search_music": {
    "precision": 1.0,
    "recall": 0.8833333333333333,
    "f1": 0.9380530973451328,
    "false_alarm_rate": 0.0,
    "tp": 53,
    "fp": 0,
    "fn": 7,
    "tn": 340
  },
  "add_calendar_event": {
    "precision": 0.9833333333333333,
    "recall": 0.9833333333333333,
    "f1": 0.9833333333333333,
    "false_alarm_rate": 0.0029411764705882353,
    "tp": 59,
    "fp": 1,
    "fn": 1,
    "tn": 339
  },
  "no_tool_available": {
    "precision": 0.7142857142857143,
    "recall": 0.7954545454545454,
    "f1": 0.7526881720430106,
    "false_alarm_rate": 0.03932584269662921,
    "tp": 35,
    "fp": 14,
    "fn": 9,
    "tn": 342
  },
  "search_notes": {
    "precision": 0.9642857142857143,
    "recall": 0.9642857142857143,
    "f1": 0.9642857142857143,
    "false_alarm_rate": 0.002688172043010753,
    "tp": 27,
    "fp": 1,
    "fn": 1,
    "tn": 371
  },
  "create_note": {
    "precision": 0.9523809523809523,
    "recall": 0.7142857142857143,
    "f1": 0.8163265306122449,
    "false_alarm_rate": 0.002688172043010753,
    "tp": 20,
    "fp": 1,
    "fn": 8,
    "tn": 371
  },
  "task_completion": {
    "precision": 0.0,
    "recall": 0.0,
    "f1": 0.0,
    "false_alarm_rate": 0.0125,
    "tp": 0,
    "fp": 5,
    "fn": 0,
    "tn": 395
  },
  "overall": {
    "accuracy": 0.91,
    "parsable_rate": 1.0,
    "total_samples": 400,
    "correct_predictions": 364,
    "parsable_invocations": 400,
    "total_invocations": 400
  }
}