{
  "flight_schedule": {
    "precision": 0.8955223880597015,
    "recall": 1.0,
    "f1": 0.9448818897637796,
    "false_alarm_rate": 0.05,
    "tp": 120,
    "fp": 14,
    "fn": 0,
    "tn": 266
  },
  "get_calendar_events": {
    "precision": 0.9622641509433962,
    "recall": 0.85,
    "f1": 0.9026548672566371,
    "false_alarm_rate": 0.0058823529411764705,
    "tp": 51,
    "fp": 2,
    "fn": 9,
    "tn": 338
  },
  "search_music": {
    "precision": 0.9827586206896551,
    "recall": 0.95,
    "f1": 0.9661016949152542,
    "false_alarm_rate": 0.0029411764705882353,
    "tp": 57,
    "fp": 1,
    "fn": 3,
    "tn": 339
  },
  "add_calendar_event": {
    "precision": 1.0,
    "recall": 0.9166666666666666,
    "f1": 0.9565217391304348,
    "false_alarm_rate": 0.0,
    "tp": 55,
    "fp": 0,
    "fn": 5,
    "tn": 340
  },
  "no_tool_available": {
    "precision": 0.7692307692307693,
    "recall": 0.9090909090909091,
    "f1": 0.8333333333333333,
    "false_alarm_rate": 0.033707865168539325,
    "tp": 40,
    "fp": 12,
    "fn": 4,
    "tn": 344
  },
  "search_notes": {
    "precision": 1.0,
    "recall": 1.0,
    "f1": 1.0,
    "false_alarm_rate": 0.0,
    "tp": 28,
    "fp": 0,
    "fn": 0,
    "tn": 372
  },
  "create_note": {
    "precision": 0.9,
    "recall": 0.6428571428571429,
    "f1": 0.75,
    "false_alarm_rate": 0.005376344086021506,
    "tp": 18,
    "fp": 2,
    "fn": 10,
    "tn": 370
  },
  "overall": {
    "accuracy": 0.9225,
    "parsable_rate": 1.0,
    "total_samples": 400,
    "correct_predictions": 369,
    "parsable_invocations": 400,
    "total_invocations": 400
  }
}